-- 회원 테이블 추가
INSERT INTO TB_MEMBER(USER_ID,USER_PWD,USER_NAME,PHONE_NUM,USE_YN,POINT,INST_DATE,UPDT_DATE)
VALUES('test1','1234','테스트계정1','010-1234-1234','Y',100,CURRENT_TIMESTAMP,CURRENT_TIMESTAMP);
INSERT INTO TB_MEMBER(USER_ID,USER_PWD,USER_NAME,PHONE_NUM,USE_YN,POINT,INST_DATE,UPDT_DATE)
VALUES('test2','1234','테스트계정2','010-1234-1234','Y',200,CURRENT_TIMESTAMP,CURRENT_TIMESTAMP);
INSERT INTO TB_MEMBER(USER_ID,USER_PWD,USER_NAME,PHONE_NUM,USE_YN,POINT,INST_DATE,UPDT_DATE)
VALUES('test3','1234','테스트계정3','010-1234-1234','Y',300,CURRENT_TIMESTAMP,CURRENT_TIMESTAMP);
INSERT INTO TB_MEMBER(USER_ID,USER_PWD,USER_NAME,PHONE_NUM,USE_YN,POINT,INST_DATE,UPDT_DATE)
VALUES('test4','1234','테스트계정4','010-1234-1234','Y',400,CURRENT_TIMESTAMP,CURRENT_TIMESTAMP);
INSERT INTO TB_MEMBER(USER_ID,USER_PWD,USER_NAME,PHONE_NUM,USE_YN,POINT,INST_DATE,UPDT_DATE)
VALUES('test5','1234','테스트계정5','010-1234-1234','Y',500,CURRENT_TIMESTAMP,CURRENT_TIMESTAMP);
INSERT INTO TB_MEMBER(USER_ID,USER_PWD,USER_NAME,PHONE_NUM,USE_YN,POINT,INST_DATE,UPDT_DATE)
VALUES('test6','1234','테스트계정6','010-1234-1234','Y',600,CURRENT_TIMESTAMP,CURRENT_TIMESTAMP);
INSERT INTO TB_MEMBER(USER_ID,USER_PWD,USER_NAME,PHONE_NUM,USE_YN,POINT,INST_DATE,UPDT_DATE)
VALUES('test7','1234','테스트계정7','010-1234-1234','Y',700,CURRENT_TIMESTAMP,CURRENT_TIMESTAMP);
INSERT INTO TB_MEMBER(USER_ID,USER_PWD,USER_NAME,PHONE_NUM,USE_YN,POINT,INST_DATE,UPDT_DATE)
VALUES('test8','1234','테스트계정8','010-1234-1234','Y',800,CURRENT_TIMESTAMP,CURRENT_TIMESTAMP);
INSERT INTO TB_MEMBER(USER_ID,USER_PWD,USER_NAME,PHONE_NUM,USE_YN,POINT,INST_DATE,UPDT_DATE)
VALUES('test9','1234','테스트계정9','010-1234-1234','Y',900,CURRENT_TIMESTAMP,CURRENT_TIMESTAMP);
INSERT INTO TB_MEMBER(USER_ID,USER_PWD,USER_NAME,PHONE_NUM,USE_YN,POINT,INST_DATE,UPDT_DATE)
VALUES('test10','1234','테스트계정10','010-1234-1234','Y',1000,CURRENT_TIMESTAMP,CURRENT_TIMESTAMP);
INSERT INTO TB_MEMBER(USER_ID,USER_PWD,USER_NAME,PHONE_NUM,USE_YN,POINT,INST_DATE,UPDT_DATE)
VALUES('test11','1234','테스트계정11','010-1234-1234','Y',1100,CURRENT_TIMESTAMP,CURRENT_TIMESTAMP);
INSERT INTO TB_MEMBER(USER_ID,USER_PWD,USER_NAME,PHONE_NUM,USE_YN,POINT,INST_DATE,UPDT_DATE)
VALUES('test12','1234','테스트계정12','010-1234-1234','Y',1200,CURRENT_TIMESTAMP,CURRENT_TIMESTAMP);
INSERT INTO TB_MEMBER(USER_ID,USER_PWD,USER_NAME,PHONE_NUM,USE_YN,POINT,INST_DATE,UPDT_DATE)
VALUES('test13','1234','테스트계정13','010-1234-1234','Y',1300,CURRENT_TIMESTAMP,CURRENT_TIMESTAMP);
INSERT INTO TB_MEMBER(USER_ID,USER_PWD,USER_NAME,PHONE_NUM,USE_YN,POINT,INST_DATE,UPDT_DATE)
VALUES('test14','1234','테스트계정14','010-1234-1234','Y',1400,CURRENT_TIMESTAMP,CURRENT_TIMESTAMP);
INSERT INTO TB_MEMBER(USER_ID,USER_PWD,USER_NAME,PHONE_NUM,USE_YN,POINT,INST_DATE,UPDT_DATE)
VALUES('test15','1234','테스트계정15','010-1234-1234','Y',1500,CURRENT_TIMESTAMP,CURRENT_TIMESTAMP);

-- 보상 테이블 추가
INSERT INTO TB_REWARD(REWARD_DT,REWARD_CONTENT,REWARD_POINT_AMT,REWARD_USER_CNT,INST_DATE,UPDT_DATE)
VALUES('20221206','2022년 12월 6일 선착순 보상 100포인트',100,10,CURRENT_TIMESTAMP,CURRENT_TIMESTAMP);
INSERT INTO TB_REWARD(REWARD_DT,REWARD_CONTENT,REWARD_POINT_AMT,REWARD_USER_CNT,INST_DATE,UPDT_DATE)
VALUES('20221207','2022년 12월 7일 선착순 보상 100포인트',100,10,CURRENT_TIMESTAMP,CURRENT_TIMESTAMP);
INSERT INTO TB_REWARD(REWARD_DT,REWARD_CONTENT,REWARD_POINT_AMT,REWARD_USER_CNT,INST_DATE,UPDT_DATE)
VALUES('20221208','2022년 12월 8일 선착순 보상 100포인트',100,10,CURRENT_TIMESTAMP,CURRENT_TIMESTAMP);
INSERT INTO TB_REWARD(REWARD_DT,REWARD_CONTENT,REWARD_POINT_AMT,REWARD_USER_CNT,INST_DATE,UPDT_DATE)
VALUES('20221209','2022년 12월 9일 선착순 보상 100포인트',100,10,CURRENT_TIMESTAMP,CURRENT_TIMESTAMP);
INSERT INTO TB_REWARD(REWARD_DT,REWARD_CONTENT,REWARD_POINT_AMT,REWARD_USER_CNT,INST_DATE,UPDT_DATE)
VALUES('20221210','2022년 12월 10일 선착순 보상 100포인트',100,10,CURRENT_TIMESTAMP,CURRENT_TIMESTAMP);
INSERT INTO TB_REWARD(REWARD_DT,REWARD_CONTENT,REWARD_POINT_AMT,REWARD_USER_CNT,INST_DATE,UPDT_DATE)
VALUES('20221211','2022년 12월 11일 선착순 보상 100포인트',100,10,CURRENT_TIMESTAMP,CURRENT_TIMESTAMP);
INSERT INTO TB_REWARD(REWARD_DT,REWARD_CONTENT,REWARD_POINT_AMT,REWARD_USER_CNT,INST_DATE,UPDT_DATE)
VALUES('20221212','2022년 12월 12일 선착순 보상 100포인트',100,10,CURRENT_TIMESTAMP,CURRENT_TIMESTAMP);
INSERT INTO TB_REWARD(REWARD_DT,REWARD_CONTENT,REWARD_POINT_AMT,REWARD_USER_CNT,INST_DATE,UPDT_DATE)
VALUES('20221213','2022년 12월 13일 선착순 보상 100포인트',100,10,CURRENT_TIMESTAMP,CURRENT_TIMESTAMP);
INSERT INTO TB_REWARD(REWARD_DT,REWARD_CONTENT,REWARD_POINT_AMT,REWARD_USER_CNT,INST_DATE,UPDT_DATE)
VALUES('20221214','2022년 12월 14일 선착순 보상 100포인트',100,10,CURRENT_TIMESTAMP,CURRENT_TIMESTAMP);
INSERT INTO TB_REWARD(REWARD_DT,REWARD_CONTENT,REWARD_POINT_AMT,REWARD_USER_CNT,INST_DATE,UPDT_DATE)
VALUES('20221215','2022년 12월 15일 선착순 보상 100포인트',100,10,CURRENT_TIMESTAMP,CURRENT_TIMESTAMP);
INSERT INTO TB_REWARD(REWARD_DT,REWARD_CONTENT,REWARD_POINT_AMT,REWARD_USER_CNT,INST_DATE,UPDT_DATE)
VALUES('20221216','2022년 12월 16일 선착순 보상 100포인트',100,10,CURRENT_TIMESTAMP,CURRENT_TIMESTAMP);
INSERT INTO TB_REWARD(REWARD_DT,REWARD_CONTENT,REWARD_POINT_AMT,REWARD_USER_CNT,INST_DATE,UPDT_DATE)
VALUES('20221217','2022년 12월 17일 선착순 보상 100포인트',100,10,CURRENT_TIMESTAMP,CURRENT_TIMESTAMP);
INSERT INTO TB_REWARD(REWARD_DT,REWARD_CONTENT,REWARD_POINT_AMT,REWARD_USER_CNT,INST_DATE,UPDT_DATE)
VALUES('20221218','2022년 12월 18일 선착순 보상 100포인트',100,10,CURRENT_TIMESTAMP,CURRENT_TIMESTAMP);
INSERT INTO TB_REWARD(REWARD_DT,REWARD_CONTENT,REWARD_POINT_AMT,REWARD_USER_CNT,INST_DATE,UPDT_DATE)
VALUES('20221219','2022년 12월 19일 선착순 보상 100포인트',100,10,CURRENT_TIMESTAMP,CURRENT_TIMESTAMP);
INSERT INTO TB_REWARD(REWARD_DT,REWARD_CONTENT,REWARD_POINT_AMT,REWARD_USER_CNT,INST_DATE,UPDT_DATE)
VALUES('20221220','2022년 12월 20일 선착순 보상 100포인트',100,10,CURRENT_TIMESTAMP,CURRENT_TIMESTAMP);
INSERT INTO TB_REWARD(REWARD_DT,REWARD_CONTENT,REWARD_POINT_AMT,REWARD_USER_CNT,INST_DATE,UPDT_DATE)
VALUES('20221221','2022년 12월 21일 선착순 보상 100포인트',100,10,CURRENT_TIMESTAMP,CURRENT_TIMESTAMP);
INSERT INTO TB_REWARD(REWARD_DT,REWARD_CONTENT,REWARD_POINT_AMT,REWARD_USER_CNT,INST_DATE,UPDT_DATE)
VALUES('20221222','2022년 12월 22일 선착순 보상 100포인트',100,10,CURRENT_TIMESTAMP,CURRENT_TIMESTAMP);
INSERT INTO TB_REWARD(REWARD_DT,REWARD_CONTENT,REWARD_POINT_AMT,REWARD_USER_CNT,INST_DATE,UPDT_DATE)
VALUES('20221223','2022년 12월 23일 선착순 보상 100포인트',100,10,CURRENT_TIMESTAMP,CURRENT_TIMESTAMP);
INSERT INTO TB_REWARD(REWARD_DT,REWARD_CONTENT,REWARD_POINT_AMT,REWARD_USER_CNT,INST_DATE,UPDT_DATE)
VALUES('20221224','2022년 12월 24일 선착순 보상 100포인트',100,10,CURRENT_TIMESTAMP,CURRENT_TIMESTAMP);
INSERT INTO TB_REWARD(REWARD_DT,REWARD_CONTENT,REWARD_POINT_AMT,REWARD_USER_CNT,INST_DATE,UPDT_DATE)
VALUES('20221225','2022년 12월 25일 선착순 보상 100포인트',100,10,CURRENT_TIMESTAMP,CURRENT_TIMESTAMP);

-- 보상 지급 테이블 추가
INSERT INTO TB_REWARD_PAY(USER_ID,REWARD_PAY_DT,REWARD_PAY_TM,REWARD_POINT_AMT,REWARD_CON_CNT,REWARD_CON_AMT,REWARD_TOTAL_AMT)
VALUES('test1',FORMATDATETIME(NOW()-4,'yyyyMMdd'),FORMATDATETIME(NOW(),'HHmmss'),100,1,0,100);
INSERT INTO TB_REWARD_PAY(USER_ID,REWARD_PAY_DT,REWARD_PAY_TM,REWARD_POINT_AMT,REWARD_CON_CNT,REWARD_CON_AMT,REWARD_TOTAL_AMT)
VALUES('test1',FORMATDATETIME(NOW()-3,'yyyyMMdd'),FORMATDATETIME(NOW(),'HHmmss'),100,2,0,100);
INSERT INTO TB_REWARD_PAY(USER_ID,REWARD_PAY_DT,REWARD_PAY_TM,REWARD_POINT_AMT,REWARD_CON_CNT,REWARD_CON_AMT,REWARD_TOTAL_AMT)
VALUES('test1',FORMATDATETIME(NOW()-2,'yyyyMMdd'),FORMATDATETIME(NOW(),'HHmmss'),100,3,300,400);
INSERT INTO TB_REWARD_PAY(USER_ID,REWARD_PAY_DT,REWARD_PAY_TM,REWARD_POINT_AMT,REWARD_CON_CNT,REWARD_CON_AMT,REWARD_TOTAL_AMT)
VALUES('test1',FORMATDATETIME(NOW()-1,'yyyyMMdd'),FORMATDATETIME(NOW(),'HHmmss'),100,4,0,100);
INSERT INTO TB_REWARD_PAY(USER_ID,REWARD_PAY_DT,REWARD_PAY_TM,REWARD_POINT_AMT,REWARD_CON_CNT,REWARD_CON_AMT,REWARD_TOTAL_AMT)
VALUES('test2',FORMATDATETIME(NOW()-1,'yyyyMMdd'),FORMATDATETIME(NOW(),'HHmmss'),100,9,0,100);
INSERT INTO TB_REWARD_PAY(USER_ID,REWARD_PAY_DT,REWARD_PAY_TM,REWARD_POINT_AMT,REWARD_CON_CNT,REWARD_CON_AMT,REWARD_TOTAL_AMT)
VALUES('test3',FORMATDATETIME(NOW()-1,'yyyyMMdd'),FORMATDATETIME(NOW(),'HHmmss'),100,10,1000,1100);
INSERT INTO TB_REWARD_PAY(USER_ID,REWARD_PAY_DT,REWARD_PAY_TM,REWARD_POINT_AMT,REWARD_CON_CNT,REWARD_CON_AMT,REWARD_TOTAL_AMT)
VALUES('test7',FORMATDATETIME(NOW(),'yyyyMMdd'),FORMATDATETIME(NOW(),'HHmmss'),100,1,0,100);
INSERT INTO TB_REWARD_PAY(USER_ID,REWARD_PAY_DT,REWARD_PAY_TM,REWARD_POINT_AMT,REWARD_CON_CNT,REWARD_CON_AMT,REWARD_TOTAL_AMT)
VALUES('test8',FORMATDATETIME(NOW(),'yyyyMMdd'),FORMATDATETIME(NOW(),'HHmmss'),100,1,0,100);
INSERT INTO TB_REWARD_PAY(USER_ID,REWARD_PAY_DT,REWARD_PAY_TM,REWARD_POINT_AMT,REWARD_CON_CNT,REWARD_CON_AMT,REWARD_TOTAL_AMT)
VALUES('test9',FORMATDATETIME(NOW(),'yyyyMMdd'),FORMATDATETIME(NOW(),'HHmmss'),100,1,0,100);
INSERT INTO TB_REWARD_PAY(USER_ID,REWARD_PAY_DT,REWARD_PAY_TM,REWARD_POINT_AMT,REWARD_CON_CNT,REWARD_CON_AMT,REWARD_TOTAL_AMT)
VALUES('test10',FORMATDATETIME(NOW(),'yyyyMMdd'),FORMATDATETIME(NOW(),'HHmmss'),100,1,0,100);
INSERT INTO TB_REWARD_PAY(USER_ID,REWARD_PAY_DT,REWARD_PAY_TM,REWARD_POINT_AMT,REWARD_CON_CNT,REWARD_CON_AMT,REWARD_TOTAL_AMT)
VALUES('test11',FORMATDATETIME(NOW(),'yyyyMMdd'),FORMATDATETIME(NOW(),'HHmmss'),100,1,0,100);
INSERT INTO TB_REWARD_PAY(USER_ID,REWARD_PAY_DT,REWARD_PAY_TM,REWARD_POINT_AMT,REWARD_CON_CNT,REWARD_CON_AMT,REWARD_TOTAL_AMT)
VALUES('test12',FORMATDATETIME(NOW(),'yyyyMMdd'),FORMATDATETIME(NOW(),'HHmmss'),100,1,0,100);
INSERT INTO TB_REWARD_PAY(USER_ID,REWARD_PAY_DT,REWARD_PAY_TM,REWARD_POINT_AMT,REWARD_CON_CNT,REWARD_CON_AMT,REWARD_TOTAL_AMT)
VALUES('test13',FORMATDATETIME(NOW(),'yyyyMMdd'),FORMATDATETIME(NOW(),'HHmmss'),100,1,0,100);